wqx,masswater,wqdashboard,ri_dem,ri_ww,ma_brc,me_dep,me_focb,Target_Unit,From_X,To_X
#/100mL|#/100ml|#/dL|#/dl,#/100ml,#/100mL|#/100ml|#/dL|#/dl,#/100ml|#/100mL,#/100ml|#/100mL,,,,cfu/100mL,x,x
%,%,%,%,%,%,%,%,%,x,x
% recovery,% recovery,% recovery,,,,,,% recovery,x,x
ATU,ATU,ATU,,,,,,ATU,x,x
AU,AU,AU,,,,,,AU,x,x
BU,BU,BU,,,,,,BU,x,x
cfm,cfm,cfm,,,,,,cfs,x / 60,x * 60
cfs|ft3/sec,cfs,cfs|ft3/sec,cfs,cfs,,,,cfs,x,x
cfu/100mL|cfu/100ml|#col/100mL|#col/100ml,cfu/100ml,cfu/100mL|cfu/100ml|#col/100mL|#col/100ml,CFU/100ml|CFU/100mL|CFU/100,CFU/100ml|CFU/100mL|CFU/100,,,,cfu/100mL,x,x
cm,cm,cm,,,,,,m,x / 100,x * 100
deg C,deg C,deg C,C|c,C|c,C,DEG C,Deg C|DEG C,deg C,x,x
deg F,deg F,deg F,F|f,F|f,,,,deg C,(x - 32) / 1.8,x * 1.8 + 32
FAU,FAU,FAU,,,,,,FAU,x,x
FBU,FBU,FBU,,,,,,FBU,x,x
FNMU,FNMU,FNMU,,,,,,FNMU,x,x
FNRU,FNRU,FNRU,,,,,,FNRU,x,x
FNU,FNU,FNU,,,,FNU,FNU,FNU,x,x
ft,ft,ft,ft,ft,feet,,,m,x / 3.28084,x * 3.28084
FTU,FTU,FTU,,,,,,FTU,x,x
g/kg,g/kg,g/kg,,,,,,ug/kg,x * 1000000,x / 1000000
JTU,JTU,JTU,,,,,,JTU,x,x
L/min|l/min,l/min,L/min|l/min,,,,,,cfs,x * 0.000588578,x / 0.000588578
L/sec|l/sec,l/sec,L/sec|l/sec,,,,,,cfs,x * 0.035314667,x / 0.035314667
m,m,m,m,m,m,M,m|M,m,x,x
mg/L|mg/l,mg/l,mg/L|mg/l,mg/l|mg/L,mg/l|mg/L,mg/L,MG/L,mg/L|MG/L,ug/L,x * 1000,x / 1000
Mgd,mgd,Mgd,MGD,MGD,,,,cfs,x * 1.547228652,x / 1.547228652
MPN/100mL|MPN/100ml,MPN/100ml,MPN/100mL|MPN/100ml,MPN/100ml|MPN/100mL|MPN/100,MPN/100ml|MPN/100mL|MPN/100,MPN/100mL,,,cfu/100mL,x,x
mS/cm,mS/cm,mS/cm,,,,,,uS/cm,x * 1000,x / 1000
None|nu,None|s.u.,None|nu,S.U.,S.U.,,STU,STU,None,x,x
NTMU,NTMU,NTMU,,,,,,NTMU,x,x
NTRU,NTRU,NTRU,,,,,,NTRU,x,x
NTU,NTU,NTU,NTU,NTU,NTU,NTU,NTU,NTU,x,x
ppm,ppm,ppm,,,,,,ug/kg,x * 1000,x / 1000
ppt,ppt,ppt,ppt,ppt,,,,ug/kg,x / 1000,x * 1000
ppth,ppth,ppth,,,,PPTH,PPTH,ug/kg,x * 1000000,x / 1000000
PSS,PSS,PSS,,,,PSS,PSS,PSS,x,x
PSU,PSU,PSU,,,,PSU,PSU,ug/kg,x * 1000000,x / 1000000
S/m,S/m,S/m,,,,,,uS/cm,x * 10000,x / 10000
ug/L|ug/l,ug/l,ug/L|ug/l,ug/l|ug/L,ug/l|ug/L,,UG/L,ug/L|UG/L,ug/L,x,x
umol/L|umol/l,umol/l,umol/L|umol/l,,,,UMOL/L,UMOL/L,mmol/L,x / 1000,x * 1000
uS/cm|umho/cm,uS/cm,uS/cm|umho/cm,uS/cm at 25 degrees C|umhos/cm,uS/cm at 25 degrees C|umhos/cm,uS/cm|uS,,,uS/cm,x,x
CU,CU,CU,CU,CU,,,,PCU,x,x
gal/day,gal/day,gal/day,GPD,GPD,,,,cfs,x * 0.00000155,x / 0.00000155
gal/min,gal/min,gal/min,GPM,GPM,,,,cfs,x * 0.002228009,x / 0.002228009
lb/day,lb/day,lb/day,lbs/day,lbs/day,,,,lb/day,x,x
mi,mi,mi,Mile,Mile,,,,m,x * 1609.344,x / 1609.344
mL/L|ml/l,mL/L|ml/l,mL/L|ml/l,ml/l|mL/L,ml/l|mL/L,,,,mm3/L,x * 1000,x / 1000
ng/L|ng/l,ng/L|ng/l,ng/L|ng/l,ng/l|ng/L,ng/l|ng/L,,,,ug/L,x / 1000,x * 1000
mi2,mi2,mi2,Sq Mi,Sq Mi,,,,m2,x * 2589988.11,x / 2589988.11
beaufort,beaufort,beaufort,,,,BFT,BFT,beaufort,x,x
Deg,Deg,Deg,,,,DEG TRUE,DEG True|DEG TRUE,Deg,x,x
hours,hours,hours,,,,H,H,minutes,x * 60,x / 60
umol/m2/s,umol/m2/s,umol/m2/s,,,,UMOL/M2/SEC,UMOL/M2/SEC,umol/m2/s,x,x
#/100gal,#/100gal,#/100gal,,,,,,cfu/100mL,x * 0.000264172,x / 0.000264172
#/100L|#/100l,#/100L|#/100l,#/100L|#/100l,,,,,,cfu/100mL,x * 1000,x / 1000
#/10L|#/10l,#/10L|#/10l,#/10L|#/10l,,,,,,cfu/100mL,x / 100,x * 100
#/500mL|#/500ml,#/500mL|#/500ml,#/500mL|#/500ml,,,,,,cfu/100mL,x / 5,x * 5
#/acre,#/acre,#/acre,,,,,,#/m2,x * 0.000247104,x / 0.000247104
#/cm,#/cm,#/cm,,,,,,#/cm,x,x
#/cm2,#/cm2,#/cm2,,,,,,#/m2,x * 10000,x / 10000
#/cm3,#/cm3,#/cm3,,,,,,cfu/100mL,x * 100,x / 100
#/day,#/day,#/day,,,,,,counts/sec,x * 86400,x / 86400
#/ft2,#/ft2,#/ft2,,,,,,#/m2,x * 10.76391042,x / 10.76391042
#/g,#/g,#/g,,,,,,#/g,x,x
#/ha,#/ha,#/ha,,,,,,#/m2,x * 0.0001,x / 0.0001
#/hr,#/hr,#/hr,,,,,,counts/sec,x * 3600,x / 3600
#/in2,#/in2,#/in2,,,,,,#/m2,x * 1550.0031,x / 1550.0031
#/km2,#/km2,#/km2,,,,,,#/m2,x * 0.000001,x / 0.000001
#/L|#/l,#/L|#/l,#/L|#/l,,,,,,cfu/100mL,x / 10,x * 10
#/m2,#/m2,#/m2,,,,,,#/mm2,x * 1000000,x / 1000000
#/m3,#/m3,#/m3,,,,,,cfu/100mL,x * 0.0001,x / 0.0001
#/mi2,#/mi2,#/mi2,,,,,,#/m2,x * 0.000000386,x / 0.000000386
#/min,#/min,#/min,,,,,,counts/sec,x / 60,x * 60
#/mL|#/ml,#/mL|#/ml,#/mL|#/ml,,,,,,cfu/100mL,x * 100,x / 100
#/mm2,#/mm2,#/mm2,,,,,,#/mm2,x,x
#/mm2/week,#/mm2/week,#/mm2/week,,,,,,#/mm2/week,x,x
#/um3,#/um3,#/um3,,,,,,#/um3,x,x
#/yd2,#/yd2,#/yd2,,,,,,#/m2,x * 1.195990046,x / 1.195990046
% by vol,% by vol,% by vol,,,,,,% by vol,x,x
% by wt,% by wt,% by wt,,,,,,% by wt,x,x
% CaCO3,% CaCO3,% CaCO3,,,,,,% CaCO3,x,x
% Cover,% Cover,% Cover,,,,,,% Cover,x,x
% passing,% passing,% passing,,,,,,% passing,x,x
% sediment,% sediment,% sediment,,,,,,% sediment,x,x
% solids,% solids,% solids,,,,,,% solids,x,x
%/cm,%/cm,%/cm,,,,,,%/cm,x,x
(kg/sec)/m,(kg/sec)/m,(kg/sec)/m,,,,,,(kg/sec)/m,x,x
0/00,0/00,0/00,,,,,,ug/kg,x / 1000,x * 1000
1000m3/day,1000m3/day,1000m3/day,,,,,,1000m3/day,x,x
ac,ac,ac,,,,,,m2,x * 4046.856422,x / 4046.856422
ac-ft,ac-ft,ac-ft,,,,,,m3,x * 1233.489,x / 1233.489
ac-in,ac-in,ac-in,,,,,,m3,x * 102.7901546,x / 102.7901546
ADMI value,ADMI value,ADMI value,,,,,,ADMI value,x,x
amps,amps,amps,,,,,,amps,x,x
Angst,Angst,Angst,,,,,,m,x * 0.0000000001,x / 0.0000000001
atm,atm,atm,,,,,,g/m2,x * 10332274.53,x / 10332274.53
AU/cm,AU/cm,AU/cm,,,,,,AU/cm,x,x
bar,bar,bar,,,,,,g/m2,x * 10197162.13,x / 10197162.13
bbl,bbl,bbl,,,,,,L,x * 0.008386448,x / 0.008386448
Bq/g,Bq/g,Bq/g,,,,,,Bq/g,x,x
Bq/L|Bq/l,Bq/L|Bq/l,Bq/L|Bq/l,,,,,,Bq/L,x,x
BTU,BTU,BTU,,,,,,kcal,x * 0.251995761,x / 0.251995761
BTU/ft3,BTU/ft3,BTU/ft3,,,,,,BTU/ft3,x,x
cal,cal,cal,,,,,,kcal,x / 1000,x * 1000
cal/cm2/day,cal/cm2/day,cal/cm2/day,,,,,,cal/cm2/day,x,x
cal/cm2/hr,cal/cm2/hr,cal/cm2/hr,,,,,,cal/cm2/hr,x,x
cal/cm2/min,cal/cm2/min,cal/cm2/min,,,,,,cal/cm2/min,x,x
CCE/100mL|CCE/100ml,CCE/100mL|CCE/100ml,CCE/100mL|CCE/100ml,,,,,,CCE/100mL,x,x
cd,cd,cd,,,,,,cd,x,x
CE/100mL|CE/100ml,CE/100mL|CE/100ml,CE/100mL|CE/100ml,,,,,,CE/100mL,x,x
cells/dL|cells/dl,cells/dL|cells/dl,cells/dL|cells/dl,,,,,,cells/dL,x,x
CFU,CFU,CFU,,,,,,CFU,x,x
cfu/100g,cfu/100g,cfu/100g,,,,,,cfu/100g,x,x
cfu/10mL|cfu/10ml,cfu/10mL|cfu/10ml,cfu/10mL|cfu/10ml,,,,,,cfu/100mL,x / 10,x * 10
cfu/gdw,cfu/gdw,cfu/gdw,,,,,,cfu/gdw,x,x
cfu/L|cfu/l,cfu/L|cfu/l,cfu/L|cfu/l,,,,,,cfu/100mL,x * 10,x / 10
cfu/mL|cfu/ml,cfu/mL|cfu/ml,cfu/mL|cfu/ml,,,,,,cfu/100mL,x * 100,x / 100
cm/sec,cm/sec,cm/sec,,,,,,m/sec,x / 100,x * 100
cm2,cm2,cm2,,,,,,m2,x * 0.0001,x / 0.0001
cm3,cm3,cm3,,,,,,m3,x * 0.000001,x / 0.000001
cm3/cm3,cm3/cm3,cm3/cm3,,,,,,cm3/cm3,x,x
cm3/g,cm3/g,cm3/g,,,,,,cm3/g,x,x
cm3/hr,cm3/hr,cm3/hr,,,,,,cfs,x * 0.00000000981,x / 0.00000000981
cm3/L|cm3/l,cm3/L|cm3/l,cm3/L|cm3/l,,,,,,mm3/L,x * 1000,x / 1000
cm3/min,cm3/min,cm3/min,,,,,,cfs,x * 0.000000589,x / 0.000000589
cm3/sec,cm3/sec,cm3/sec,,,,,,cfs,x * 0.0000353,x / 0.0000353
code,code,code,,,,,,code,x,x
COHS/1000ft,COHS/1000ft,COHS/1000ft,,,,,,COHS/1000ft,x,x
copies,copies,copies,,,,,,copies,x,x
copies/100mL,copies/100mL,copies/100mL,,,,,,copies/mL,x / 100,x * 100
copies/250mL|copies/250ml,copies/250mL|copies/250ml,copies/250mL|copies/250ml,,,,,,copies/mL,x / 250,x * 250
copies/mL|copies/ml,copies/mL|copies/ml,copies/mL|copies/ml,,,,,,copies/mL,x,x
count,count,count,,,,,,count,x,x
counts/sec,counts/sec,counts/sec,,,,,,counts/sec,x,x
d/h/m/s,d/h/m/s,d/h/m/s,,,,,,d/h/m/s,x,x
Da,Da,Da,,,,,,Da,x,x
dam3,dam3,dam3,,,,,,dam3,x,x
days,days,days,,,,,,minutes,x * 1440,x / 1440
dB,dB,dB,,,,,,dB,x,x
dddmmss,dddmmss,dddmmss,,,,,,dddmmss,x,x
decibar,decibar,decibar,,,,,,g/m2,x * 1019716.213,x / 1019716.213
deg C/100m,deg C/100m,deg C/100m,,,,,,deg C/100m,x,x
deg K,deg K,deg K,,,,,,deg C,x - 273.15,x + 273.15
dL|dl,dL|dl,dL|dl,,,,,,m3,x * 0.0001,x / 0.0001
dm,dm,dm,,,,,,m,x / 10,x * 10
dm2,dm2,dm2,,,,,,m2,x / 100,x * 100
DOY,DOY,DOY,,,,,,DOY,x,x
dpm/100L|dpm/100l,dpm/100L|dpm/100l,dpm/100L|dpm/100l,,,,,,dpm/100L,x,x
dpm/cm3,dpm/cm3,dpm/cm3,,,,,,dpm/cm3,x,x
dpm/g,dpm/g,dpm/g,,,,,,dpm/g,x,x
drips/min,drips/min,drips/min,,,,,,drips/min,x,x
drops,drops,drops,,,,,,drops,x,x
eq/L|eq/l,eq/L|eq/l,eq/L|eq/l,,,,,,eq/L,x,x
FBRU,FBRU,FBRU,,,,,,FBRU,x,x
fc/ft2,fc/ft2,fc/ft2,,,,,,lm/m2,x * 10.76391042,x / 10.76391042
fg/kg,fg/kg,fg/kg,,,,,,fg/kg,x,x
fibers/cm3,fibers/cm3,fibers/cm3,,,,,,fibers/cm3,x,x
fibers/L|fibers/l,fibers/L|fibers/l,fibers/L|fibers/l,,,,,,fibers/L,x,x
fraction,fraction,fraction,,,,,,fraction,x,x
ft/day,ft/day,ft/day,,,,,,m/sec,x * 0.00000353,x / 0.00000353
ft/hr,ft/hr,ft/hr,,,,,,ft/hr,x,x
ft/mile,ft/mile,ft/mile,,,,,,ft/mile,x,x
ft/min,ft/min,ft/min,,,,,,m/sec,x * 0.00508,x / 0.00508
ft/sec,ft/sec,ft/sec,,,,,,m/sec,x * 0.3048,x / 0.3048
ft2,ft2,ft2,,,,,,m2,x * 0.09290304,x / 0.09290304
ft3,ft3,ft3,,,,,,m3,x * 0.028316847,x / 0.028316847
ft3/day,ft3/day,ft3/day,,,,,,cfs,x / 86400,x * 86400
ft-candles,ft-candles,ft-candles,,,,,,lm/m2,x * 10.76391042,x / 10.76391042
ft-lbs,ft-lbs,ft-lbs,,,,,,kcal,x * 0.000323832,x / 0.000323832
g,g,g,,,,,,g,x,x
g/cm2,g/cm2,g/cm2,,,,,,ug/cm2,x * 1000000,x / 1000000
g/cm3,g/cm3,g/cm3,,,,,,ug/L,x * 1000000000,x / 1000000000
g/day,g/day,g/day,,,,,,lb/day,x * 0.002204623,x / 0.002204623
g/g,g/g,g/g,,,,,,g/g,x,x
g/hr,g/hr,g/hr,,,,,,lb/day,x * 0.052910952,x / 0.052910952
g/L|g/l,g/L|g/l,g/L|g/l,,,,,,ug/L,x * 1000000,x / 1000000
g/m2,g/m2,g/m2,,,,,,g/m2,x,x
g/m2/day,g/m2/day,g/m2/day,,,,,,mg/m2/day,x * 1000,x / 1000
g/m2/hr,g/m2/hr,g/m2/hr,,,,,,mg/m2/day,x * 24000,x / 24000
g/m2/month,g/m2/month,g/m2/month,,,,,,g/m2/month,x,x
g/m2/sec,g/m2/sec,g/m2/sec,,,,,,g/m2/sec,x,x
g/m3,g/m3,g/m3,,,,,,ug/L,x * 1000,x / 1000
g/m3/day,g/m3/day,g/m3/day,,,,,,mg/m3/day,x * 1000,x / 1000
g/m3/hr,g/m3/hr,g/m3/hr,,,,,,mg/m3/day,x * 24000,x / 24000
g/min,g/min,g/min,,,,,,lb/day,x * 3.17465712,x / 3.17465712
g/mL|g/ml,g/mL|g/ml,g/mL|g/ml,,,,,,ug/L,x * 1000000000,x / 1000000000
g/sec,g/sec,g/sec,,,,,,lb/day,x * 190.4794272,x / 190.4794272
g/stalk,g/stalk,g/stalk,,,,,,g/stalk,x,x
gal,gal,gal,,,,,,m3,x * 0.003785412,x / 0.003785412
gal/hr,gal/hr,gal/hr,,,,,,cfs,x * 0.0000371,x / 0.0000371
gal/sec,gal/sec,gal/sec,,,,,,cfs,x * 0.133680556,x / 0.133680556
gc/uL|gc/ul,gc/uL|gc/ul,gc/uL|gc/ul,,,,,,gc/uL,x,x
geu/100mL|geu/100ml,geu/100mL|geu/100ml,geu/100mL|geu/100ml,,,,,,geu/100mL,x,x
geu/g,geu/g,geu/g,,,,,,geu/g,x,x
gpg,gpg,gpg,,,,,,ug/L,x * 17118.06007,x / 17118.06007
gpm/ft,gpm/ft,gpm/ft,,,,,,gpm/ft,x,x
grains,grains,grains,,,,,,g,x * 0.06479891,x / 0.06479891
Granules,Granules,Granules,,,,,,Granules,x,x
ha,ha,ha,,,,,,m2,x * 10000,x / 10000
hhmm,hhmm,hhmm,,,,,,hhmm,x,x
hp,hp,hp,,,,,,Mw,x * 0.000746,x / 0.000746
hPa,hPa,hPa,,,,,,hPa,x,x
HU,HU,HU,,,,,,PCU,x,x
Imp gal,Imp gal,Imp gal,,,,,,m3,x * 0.00454609,x / 0.00454609
in,in,in,,,,,,m,x / 39.37008,x * 39.37008
in/day,in/day,in/day,,,,,,in/day,x,x
in/hr,in/hr,in/hr,,,,,,in/hr,x,x
in/min,in/min,in/min,,,,,,in/min,x,x
in/week,in/week,in/week,,,,,,in/week,x,x
in2,in2,in2,,,,,,m2,x * 0.00064516,x / 0.00064516
in3,in3,in3,,,,,,m3,x * 0.0000164,x / 0.0000164
inH2O,inH2O,inH2O,,,,,,inH2O,x,x
inHg,inHg,inHg,,,,,,mmHg,x * 25.4,x / 25.4
ipiu/100L|ipiu/100l,ipiu/100L|ipiu/100l,ipiu/100L|ipiu/100l,,,,,,ipiu/100L,x,x
IVFU,IVFU,IVFU,,,,,,IVFU,x,x
JCU,JCU,JCU,,,,,,JCU,x,x
Joules,Joules,Joules,,,,,,kcal,x * 0.000238846,x / 0.000238846
kcal,kcal,kcal,,,,,,kcal,x,x
kg,kg,kg,,,,,,g,x * 1000,x / 1000
kg/day,kg/day,kg/day,,,,,,kg/day,x,x
kg/day/mi2,kg/day/mi2,kg/day/mi2,,,,,,kg/day/mi2,x,x
kg/ha,kg/ha,kg/ha,,,,,,g/m2,x / 10,x * 10
kg/m2,kg/m2,kg/m2,,,,,,g/m2,x * 1000,x / 1000
kg/m3,kg/m3,kg/m3,,,,,,ug/L,x * 1000000,x / 1000000
Kg/m3-1000,Kg/m3-1000,Kg/m3-1000,,,,,,Kg/m3-1000,x,x
kg/t,kg/t,kg/t,,,,,,kg/t,x,x
kg/tons,kg/tons,kg/tons,,,,,,kg/tons,x,x
kgal,kgal,kgal,,,,,,m3,x * 3.785412,x / 3.785412
km,km,km,,,,,,m,x * 1000,x / 1000
km/hr,km/hr,km/hr,,,,,,m/sec,x * 0.277777778,x / 0.277777778
km/sec,km/sec,km/sec,,,,,,m/sec,x * 1000,x / 1000
km2,km2,km2,,,,,,m2,x * 1000000,x / 1000000
knots,knots,knots,,,,,,m/sec,x * 0.514444444,x / 0.514444444
KOhm/cm,KOhm/cm,KOhm/cm,,,,,,KOhm/cm,x,x
Kohm-cm,Kohm-cm,Kohm-cm,,,,,,ohm-m,x * 10,x / 10
kPa,kPa,kPa,,,,,,g/m2,x * 101971.6213,x / 101971.6213
kw,kw,kw,,,,,,Mw,x / 1000,x * 1000
L/day|l/day,L/day|l/day,L/day|l/day,,,,,,cfs,x * 0.000000409,x / 0.000000409
L/hr|l/hr,L/hr|l/hr,L/hr|l/hr,,,,,,cfs,x * 0.00000981,x / 0.00000981
L/mg-cm|l/mg-cm,L/mg-cm|l/mg-cm,L/mg-cm|l/mg-cm,,,,,,L/mg-cm,x,x
L/mg-m|l/mg-m,L/mg-m|l/mg-m,L/mg-m|l/mg-m,,,,,,L/mg-cm,x * 100,x / 100
L|l,L|l,L|l,,,,,,m3,x / 1000,x * 1000
Langleys,Langleys,Langleys,,,,,,Langleys,x,x
lb,lb,lb,,,,,,g,x * 453.59237,x / 453.59237
lb/ac-ft,lb/ac-ft,lb/ac-ft,,,,,,ug/L,x * 367.7311837,x / 367.7311837
lb/acre/yr,lb/acre/yr,lb/acre/yr,,,,,,mg/m2/day,x * 0.306871065,x / 0.306871065
lb/day/mi2,lb/day/mi2,lb/day/mi2,,,,,,lb/day/mi2,x,x
lb/ft2,lb/ft2,lb/ft2,,,,,,lb/ft2,x,x
lb/ft3,lb/ft3,lb/ft3,,,,,,lb/ft3,x,x
lb/hr,lb/hr,lb/hr,,,,,,lb/day,x * 24,x / 24
lb/in,lb/in,lb/in,,,,,,lb/in,x,x
lb/kgal|lbs/kgal,lb/kgal|lbs/kgal,lb/kgal|lbs/kgal,,,,,,lbs/kgal,x,x
lb/min,lb/min,lb/min,,,,,,lb/day,x * 1440,x / 1440
lb/sec,lb/sec,lb/sec,,,,,,lb/day,x * 86400,x / 86400
lm/ft2,lm/ft2,lm/ft2,,,,,,lm/m2,x * 10.76391042,x / 10.76391042
lm/m2,lm/m2,lm/m2,,,,,,lm/m2,x,x
loc-sec,loc-sec,loc-sec,,,,,,loc-sec,x,x
log10 copies,log10 copies,log10 copies,,,,,,log10 copies,x,x
lumens,lumens,lumens,,,,,,lm/m2,x * 10.76391042,x / 10.76391042
m/sec,m/sec,m/sec,,,,,,m/sec,x,x
m/y,m/y,m/y,,,,,,m/y,x,x
m2,m2,m2,,,,,,m2,x,x
m2/g,m2/g,m2/g,,,,,,m2/g,x,x
m2/km2,m2/km2,m2/km2,,,,,,m2/km2,x,x
m3,m3,m3,,,,,,m3,x,x
m3/day,m3/day,m3/day,,,,,,m3/day,x,x
m3/hr,m3/hr,m3/hr,,,,,,cfs,x * 0.009809631,x / 0.009809631
m3/min,m3/min,m3/min,,,,,,cfs,x * 0.588577833,x / 0.588577833
m3/month,m3/month,m3/month,,,,,,m3/month,x,x
m3/sec,m3/sec,m3/sec,,,,,,cfs,x * 35.31467,x / 35.31467
m3/week,m3/week,m3/week,,,,,,m3/week,x,x
m3/yr,m3/yr,m3/yr,,,,,,m3/yr,x,x
mCi,mCi,mCi,,,,,,mSv,x * 5,x / 5
mCi/km2,mCi/km2,mCi/km2,,,,,,mCi/km2,x,x
meq,meq,meq,,,,,,meq,x,x
mEq/100g,mEq/100g,mEq/100g,,,,,,mEq/100g,x,x
meq/kg,meq/kg,meq/kg,,,,,,meq/kg,x,x
meq/L|meq/l,meq/L|meq/l,meq/L|meq/l,,,,,,meq/L,x,x
metric ton,metric ton,metric ton,,,,,,g,x * 1000000,x / 1000000
MFL,MFL,MFL,,,,,,MFL,x,x
mg,mg,mg,,,,,,g,x / 1000,x * 1000
Mg/100cm2/d,Mg/100cm2/d,Mg/100cm2/d,,,,,,Mg/100cm2/d,x,x
mg/100g,mg/100g,mg/100g,,,,,,ug/kg,x * 10000,x / 10000
mg/cm2,mg/cm2,mg/cm2,,,,,,ug/cm2,x * 1000,x / 1000
mg/cm3,mg/cm3,mg/cm3,,,,,,ug/L,x * 1000000,x / 1000000
mg/day,mg/day,mg/day,,,,,,lb/day,x * 0.0000022,x / 0.0000022
mg/dm2/day,mg/dm2/day,mg/dm2/day,,,,,,mg/dm2/day,x,x
mg/dm2/month,mg/dm2/month,mg/dm2/month,,,,,,mg/dm2/month,x,x
mg/g,mg/g,mg/g,,,,,,ug/kg,x * 1000000,x / 1000000
mg/g/hr,mg/g/hr,mg/g/hr,,,,,,mg/g/hr,x,x
mg/hr,mg/hr,mg/hr,,,,,,lb/day,x * 0.0000529,x / 0.0000529
mg/kg,mg/kg,mg/kg,,,,,,ug/kg,x * 1000,x / 1000
mg/L/hr|mg/l/hr,mg/L/hr|mg/l/hr,mg/L/hr|mg/l/hr,,,,,,mg/m3/day,x * 41.6666667,x / 41.6666667
mg/m2,mg/m2,mg/m2,,,,,,g/m2,x / 1000,x * 1000
mg/m2/day,mg/m2/day,mg/m2/day,,,,,,mg/m2/day,x,x
mg/m2/hr,mg/m2/hr,mg/m2/hr,,,,,,mg/m2/day,x * 24,x / 24
mg/m3,mg/m3,mg/m3,,,,,,ug/L,x,x
mg/m3/day,mg/m3/day,mg/m3/day,,,,,,mg/m3/day,x,x
mg/m3/hr,mg/m3/hr,mg/m3/hr,,,,,,mg/m3/day,x * 24,x / 24
mg/min,mg/min,mg/min,,,,,,lb/day,x * 0.003174657,x / 0.003174657
mg/mL|mg/ml,mg/mL|mg/ml,mg/mL|mg/ml,,,,,,ug/L,x * 1000000,x / 1000000
mg/sec,mg/sec,mg/sec,,,,,,lb/day,x * 0.190479427,x / 0.190479427
Mgal,Mgal,Mgal,,,,,,m3,x * 3785.412,x / 3785.412
Mgal/day,Mgal/day,Mgal/day,,,,,,Mgal/day,x,x
Mgal/mnth|Mgal/month,Mgal/mnth|Mgal/month,Mgal/mnth|Mgal/month,,,,,,cfs,x * 0.050832971,x / 0.050832971
Mgal/year,Mgal/year,Mgal/year,,,,,,cfs,x * 0.004236081,x / 0.004236081
Mgm/day,Mgm/day,Mgm/day,,,,,,Mgm/day,x,x
mho/cm,mho/cm,mho/cm,,,,,,uS/cm,x * 1000000,x / 1000000
micron,micron,micron,,,,,,m,x * 0.000001,x / 0.000001
millibar,millibar,millibar,,,,,,g/m2,x * 10197.16213,x / 10197.16213
milliMolar,milliMolar,milliMolar,,,,,,mmol/L,x / 1000,x * 1000
Min,Min,Min,,,,,,Deg,x / 60,x * 60
minutes,minutes,minutes,,,,,,minutes,x,x
mL/cm2/day|ml/cm2/day,mL/cm2/day|ml/cm2/day,mL/cm2/day|ml/cm2/day,,,,,,mL/cm2/day,x,x
ML/day|Ml/day,ML/day|Ml/day,ML/day|Ml/day,,,,,,ML/day,x,x
mL/L/hr|ml/l/hr,mL/L/hr|ml/l/hr,mL/L/hr|ml/l/hr,,,,,,mL/L/hr,x,x
mL/m3|ml/m3,mL/m3|ml/m3,mL/m3|ml/m3,,,,,,ppm,x,x
mL/min|ml/min,mL/min|ml/min,mL/min|ml/min,,,,,,mL/min,x,x
mL/sec|ml/sec,mL/sec|ml/sec,mL/sec|ml/sec,,,,,,cfs,x * 35.31466672,x / 35.31466672
mL|ml,mL|ml,mL|ml,,,,,,m3,x * 0.000001,x / 0.000001
mm,mm,mm,,,,,,m,x / 1000,x * 1000
mm/day,mm/day,mm/day,,,,,,mm/day,x,x
mm/g,mm/g,mm/g,,,,,,mm/g,x,x
mm/hr,mm/hr,mm/hr,,,,,,mm/hr,x,x
mm/sec,mm/sec,mm/sec,,,,,,mm/sec,x,x
mm2,mm2,mm2,,,,,,m2,x * 0.000001,x / 0.000001
mm3,mm3,mm3,,,,,,m3,x * 0.000000001,x / 0.000000001
mm3/L|mm3/l,mm3/L|mm3/l,mm3/L|mm3/l,,,,,,mm3/L,x,x
mmH2O,mmH2O,mmH2O,,,,,,mmH2O,x,x
mmHg,mmHg,mmHg,,,,,,mmHg,x,x
mmhos/cm,mmhos/cm,mmhos/cm,,,,,,mmhos/cm,x,x
mmol/kg,mmol/kg,mmol/kg,,,,,,mmol/kg,x,x
mmol/L|mmol/l,mmol/L|mmol/l,mmol/L|mmol/l,,,,,,mmol/L,x,x
mmol/m2,mmol/m2,mmol/m2,,,,,,mmol/m2,x,x
mmol/m2/dy,mmol/m2/dy,mmol/m2/dy,,,,,,mmol/m2/dy,x,x
mmol/m2/hr,mmol/m2/hr,mmol/m2/hr,,,,,,mmol/m2/dy,x * 24,x / 24
mmol/mg,mmol/mg,mmol/mg,,,,,,umol/kg,x * 1000000000,x / 1000000000
mmyy,mmyy,mmyy,,,,,,mmyy,x,x
Molal,Molal,Molal,,,,,,mmol/kg,x * 1000,x / 1000
Molar,Molar,Molar,,,,,,mmol/L,x * 1000,x / 1000
Mole/L|Mole/l,Mole/L|Mole/l,Mole/L|Mole/l,,,,,,mmol/L,x * 1000,x / 1000
months,months,months,,,,,,minutes,x * 43830,x / 43830
mosm/kg,mosm/kg,mosm/kg,,,,,,umol/kg,x * 1000,x / 1000
mph,mph,mph,,,,,,m/sec,x * 0.44704,x / 0.44704
MPN,MPN,MPN,,,,,,CFU,x,x
MPN/100g,MPN/100g,MPN/100g,,,,,,cfu/100g,x,x
MPN/100L|MPN/100l,MPN/100L|MPN/100l,MPN/100L|MPN/100l,,,,,,cfu/100mL,x * 1000,x / 1000
MPN/g,MPN/g,MPN/g,,,,,,cfu/100g,x / 100,x * 100
MPN/L|MPN/l,MPN/L|MPN/l,MPN/L|MPN/l,,,,,,cfu/100mL,x * 10,x / 10
mrem,mrem,mrem,,,,,,mSv,x / 100,x * 100
mrem/day,mrem/day,mrem/day,,,,,,mrem/day,x,x
mrem/yr,mrem/yr,mrem/yr,,,,,,mrem/day,x * 0.002737851,x / 0.002737851
ms,ms,ms,,,,,,minutes,x / 60000,x * 60000
mS/m,mS/m,mS/m,,,,,,mS/m,x,x
MSC,MSC,MSC,,,,,,MSC,x,x
mSv,mSv,mSv,,,,,,mSv,x,x
MT/km2/yr,MT/km2/yr,MT/km2/yr,,,,,,mg/m2/day,x * 2.737850787,x / 2.737850787
mV,mV,mV,,,,,,volts,x / 1000,x * 1000
Mw,Mw,Mw,,,,,,Mw,x,x
nCi/L|nCi/l,nCi/L|nCi/l,nCi/L|nCi/l,,,,,,pCi/L,x * 1000,x / 1000
ng,ng,ng,,,,,,g,x * 0.000000001,x / 0.000000001
ng/cm2,ng/cm2,ng/cm2,,,,,,ug/cm2,x / 1000,x * 1000
ng/cm3,ng/cm3,ng/cm3,,,,,,ug/L,x,x
ng/kg,ng/kg,ng/kg,,,,,,ug/kg,x / 1000,x * 1000
ng/m2,ng/m2,ng/m2,,,,,,g/m2,x * 0.000000001,x / 0.000000001
ng/m2/day,ng/m2/day,ng/m2/day,,,,,,ng/m2/day,x,x
ng/m3,ng/m3,ng/m3,,,,,,ug/L,x * 0.000001,x / 0.000001
ng/mL|ng/ml,ng/mL|ng/ml,ng/mL|ng/ml,,,,,,ug/L,x,x
ng/uL,ng/uL,ng/uL,,,,,,ug/L,x * 1000,x / 1000
nm,nm,nm,,,,,,m,x * 0.000000001,x / 0.000000001
nmi,nmi,nmi,,,,,,m,x * 1852,x / 1852
nmi2,nmi2,nmi2,,,,,,m2,x * 3429904,x / 3429904
nmol/g DW/h,nmol/g DW/h,nmol/g DW/h,,,,,,nmol/g DW/h,x,x
nmol/hr/g,nmol/hr/g,nmol/hr/g,,,,,,nmol/hr/g,x,x
nmol/kg,nmol/kg,nmol/kg,,,,,,mmol/kg,x * 0.000001,x / 0.000001
nmol/L|nmol/l,nmol/L|nmol/l,nmol/L|nmol/l,,,,,,nmol/L,x,x
nmol/m3,nmol/m3,nmol/m3,,,,,,nmol/m3,x,x
Normal,Normal,Normal,,,,,,Normal,x,x
ohm,ohm,ohm,,,,,,umho,x * 1000000,x / 1000000
ohm-cm,ohm-cm,ohm-cm,,,,,,ohm-m,x / 100,x * 100
ohm-m,ohm-m,ohm-m,,,,,,ohm-m,x,x
oz,oz,oz,,,,,,g,x * 28.34952313,x / 28.34952313
Pascal,Pascal,Pascal,,,,,,g/m2,x * 101.9716213,x / 101.9716213
pCi,pCi,pCi,,,,,,mSv,x,x
pCi/g,pCi/g,pCi/g,,,,,,pCi/g,x,x
pCi/L|pCi/l,pCi/L|pCi/l,pCi/L|pCi/l,,,,,,pCi/L,x,x
pCi/m2,pCi/m2,pCi/m2,,,,,,pCi/m2,x,x
pCi/m3,pCi/m3,pCi/m3,,,,,,pCi/L,x / 1000,x * 1000
pCi/mL|pCi/ml,pCi/mL|pCi/ml,pCi/mL|pCi/ml,,,,,,pCi/L,x * 1000,x / 1000
pct modern,pct modern,pct modern,,,,,,pct modern,x,x
PCU,PCU,PCU,,,,,,PCU,x,x
per cm,per cm,per cm,,,,,,per m,x * 100,x / 100
per day,per day,per day,,,,,,per day,x,x
per m,per m,per m,,,,,,per nm,x * 1000000000,x / 1000000000
per mil,per mil,per mil,,,,,,ug/kg,x * 1000000,x / 1000000
per nm,per nm,per nm,,,,,,per nm,x,x
pfu/100L|pfu/100l,pfu/100L|pfu/100l,pfu/100L|pfu/100l,,,,,,pfu/100mL,x * 1000,x / 1000
pfu/100mL|pfu/100ml,pfu/100mL|pfu/100ml,pfu/100mL|pfu/100ml,,,,,,pfu/100mL,x,x
pfu/L|pfu/l,pfu/L|pfu/l,pfu/L|pfu/l,,,,,,pfu/100mL,x * 10,x / 10
pg,pg,pg,,,,,,g,x * 0.000000000001,x / 0.000000000001
pg/cm3,pg/cm3,pg/cm3,,,,,,ug/L,x / 1000,x * 1000
pg/g,pg/g,pg/g,,,,,,ug/kg,x / 1000,x * 1000
pg/kg,pg/kg,pg/kg,,,,,,ug/kg,x * 0.000001,x / 0.000001
pg/L|pg/l,pg/L|pg/l,pg/L|pg/l,,,,,,ug/L,x * 0.000001,x / 0.000001
pg/m2,pg/m2,pg/m2,,,,,,g/m2,x * 0.000000000001,x / 0.000000000001
pg/m3,pg/m3,pg/m3,,,,,,ug/L,x * 0.000000001,x / 0.000000001
pg/mL|pg/ml,pg/mL|pg/ml,pg/mL|pg/ml,,,,,,ug/L,x / 1000,x * 1000
phi,phi,phi,,,,,,phi,x,x
Plate cnt,Plate cnt,Plate cnt,,,,,,Plate cnt,x,x
pmc,pmc,pmc,,,,,,pmc,x,x
pmol/mg/min,pmol/mg/min,pmol/mg/min,,,,,,pmol/mg/min,x,x
ppb,ppb,ppb,,,,,,ug/kg,x,x
ppbv,ppbv,ppbv,,,,,,ug/kg,x * 11,x / 11
ppmv,ppmv,ppmv,,,,,,ug/kg,x * 1000,x / 1000
psf,psf,psf,,,,,,psf,x,x
psi,psi,psi,,,,,,g/m2,x * 703069.58,x / 703069.58
pt,pt,pt,,,,,,m3,x * 0.000473177,x / 0.000473177
qt,qt,qt,,,,,,m3,x * 0.000946353,x / 0.000946353
RFU,RFU,RFU,,,,,,RFU,x,x
RLU,RLU,RLU,,,,,,RLU,x,x
RmV,RmV,RmV,,,,,,RmV,x,x
RU,RU,RU,,,,,,RU,x,x
RUDS/10000ft,RUDS/10000ft,RUDS/10000ft,,,,,,RUDS/10000ft,x,x
SBU,SBU,SBU,,,,,,SBU,x,x
Sec,Sec,Sec,,,,,,Deg,x / 360,x * 360
seconds,seconds,seconds,,,,,,minutes,x / 60,x * 60
T.O.N.,T.O.N.,T.O.N.,,,,,,T.O.N.,x,x
T.U.,T.U.,T.U.,,,,,,pCi/L,x * 3.22,x / 3.22
tons,tons,tons,,,,,,g,x * 907184.74,x / 907184.74
tons/ac ft,tons/ac ft,tons/ac ft,,,,,,ug/L,x * 735462.3673,x / 735462.3673
tons/day,tons/day,tons/day,,,,,,lb/day,x * 2000,x / 2000
tons/day/ft,tons/day/ft,tons/day/ft,,,,,,tons/day/ft,x,x
tons/ft2,tons/ft2,tons/ft2,,,,,,tons/ft2,x,x
tons/kt,tons/kt,tons/kt,,,,,,tons/kt,x,x
tons/sec,tons/sec,tons/sec,,,,,,tons/sec,x,x
Torr,Torr,Torr,,,,,,g/m2,x * 13595.09806,x / 13595.09806
tsc/100mL|tsc/100ml,tsc/100mL|tsc/100ml,tsc/100mL|tsc/100ml,,,,,,tsc/100mL,x,x
tsc/g,tsc/g,tsc/g,,,,,,tsc/g,x,x
TU,TU,TU,,,,,,TU,x,x
TUc,TUc,TUc,,,,,,TUc,x,x
uATM,uATM,uATM,,,,,,atm,x * 0.000001,x / 0.000001
uE/m2,uE/m2,uE/m2,,,,,,uE/m2,x,x
uE/m2/s,uE/m2/s,uE/m2/s,,,,,,uE/m2/s,x,x
uE/m2/sec,uE/m2/sec,uE/m2/sec,,,,,,uE/m2/sec,x,x
ueq/L|ueq/l,ueq/L|ueq/l,ueq/L|ueq/l,,,,,,meq/L,x * 1000,x / 1000
ug,ug,ug,,,,,,g,x * 0.000001,x / 0.000001
ug/100cm2,ug/100cm2,ug/100cm2,,,,,,ug/cm2,x / 100,x * 100
ug/cart,ug/cart,ug/cart,,,,,,ug/cart,x,x
ug/cm2,ug/cm2,ug/cm2,,,,,,g/m2,x / 100,x * 100
ug/cm2/30day,ug/cm2/30day,ug/cm2/30day,,,,,,ug/cm2/30day,x,x
ug/cm2/day,ug/cm2/day,ug/cm2/day,,,,,,mg/m2/day,x * 10,x / 10
ug/cm3,ug/cm3,ug/cm3,,,,,,ug/L,x * 1000,x / 1000
ug/dm2/day,ug/dm2/day,ug/dm2/day,,,,,,ug/dm2/day,x,x
ug/dm2/month,ug/dm2/month,ug/dm2/month,,,,,,ug/dm2/month,x,x
ug/g,ug/g,ug/g,,,,,,ug/kg,x * 1000,x / 1000
ug/g DW/hr,ug/g DW/hr,ug/g DW/hr,,,,,,ug/g DW/hr,x,x
ug/hr/g,ug/hr/g,ug/hr/g,,,,,,ug/hr/g,x,x
ug/kg|ng/g,ug/kg|ng/g,ug/kg|ng/g,,,,,,ug/kg,x,x
ug/L|ug/l,ug/L|ug/l,ug/L|ug/l,,,,,,ug/L,x,x
ug/m2,ug/m2,ug/m2,,,,,,g/m2,x * 0.000001,x / 0.000001
ug/m2/hr,ug/m2/hr,ug/m2/hr,,,,,,ug/m2/hr,x,x
ug/m3,ug/m3,ug/m3,,,,,,ug/L,x / 1000,x * 1000
ug/mL|ug/ml,ug/mL|ug/ml,ug/mL|ug/ml,,,,,,ug/L,x * 1000,x / 1000
ug/net,ug/net,ug/net,,,,,,ug/net,x,x
ug/PUF,ug/PUF,ug/PUF,,,,,,ug/PUF,x,x
ug/scrubbie,ug/scrubbie,ug/scrubbie,,,,,,ug/scrubbie,x,x
ug/sec,ug/sec,ug/sec,,,,,,ug/sec,x,x
ug/wipe,ug/wipe,ug/wipe,,,,,,ug/wipe,x,x
uL|ul,uL|ul,uL|ul,,,,,,m3,x * 0.000000001,x / 0.000000001
um,um,um,,,,,,m,x * 0.000001,x / 0.000001
um/yr,um/yr,um/yr,,,,,,um/yr,x,x
um3,um3,um3,,,,,,um3,x,x
um3/100mL|um3/100ml,um3/100mL|um3/100ml,um3/100mL|um3/100ml,,,,,,um3/100mL,x,x
um3/cm2,um3/cm2,um3/cm2,,,,,,um3/cm2,x,x
um3/L|um3/l,um3/L|um3/l,um3/L|um3/l,,,,,,mm3/L,x * 0.000000001,x / 0.000000001
um3/mL|um3/ml,um3/mL|um3/ml,um3/mL|um3/ml,,,,,,ppm,x * 0.000001,x / 0.000001
umho|umhos|uS,umho|umhos|uS,umho|umhos|uS,,,,,,umho,x,x
umol,umol,umol,,,,,,umol,x,x
umol/g,umol/g,umol/g,,,,,,umol/kg,x / 1000,x * 1000
umol/kg,umol/kg,umol/kg,,,,,,umol/kg,x,x
umol/mol,umol/mol,umol/mol,,,,,,umol/mol,x,x
umol/S/m2,umol/S/m2,umol/S/m2,,,,,,umol/S/m2,x,x
units/cm,units/cm,units/cm,,,,,,units/cm,x,x
units/m,units/m,units/m,,,,,,units/cm,x / 100,x * 100
uPa2,uPa2,uPa2,,,,,,uPa2,x,x
uS/m,uS/m,uS/m,,,,,,uS/cm,x / 100,x * 100
uW/cm2,uW/cm2,uW/cm2,,,,,,uW/cm2,x,x
volts,volts,volts,,,,,,volts,x,x
W/m2,W/m2,W/m2,,,,,,W/m2,x,x
Watts,Watts,Watts,,,,,,Mw,x * 0.000001,x / 0.000001
weeks,weeks,weeks,,,,,,minutes,x * 10080,x / 10080
y/m/d,y/m/d,y/m/d,,,,,,y/m/d,x,x
yd,yd,yd,,,,,,m,x * 0.9144,x / 0.9144
yd2,yd2,yd2,,,,,,m2,x * 0.83612736,x / 0.83612736
yd3,yd3,yd3,,,,,,m3,x * 0.764544858,x / 0.764544858
years,years,years,,,,,,minutes,x * 525960,x / 525960
ymmdd,ymmdd,ymmdd,,,,,,ymmdd,x,x
yyyymmdd,yyyymmdd,yyyymmdd,,,,,,yyyymmdd,x,x
